Submission ID,Respondent ID,Submitted at,À quelle tranche d'âge appartenez-vous ? ,"As-tu entendu parler de la semaine ""The Olympic Esports Series 2023"" ?",Quelles sont les épreuves que tu connais ?,Quelles sont les épreuves que tu connais ? (Danse (Just Dance)),Quelles sont les épreuves que tu connais ? (Tir à l'arc (Tic Tac Bow)),Quelles sont les épreuves que tu connais ? (Tir (Fortnite)),Quelles sont les épreuves que tu connais ? (Taekwondo (Virtual Taekwondo)),Quelles sont les épreuves que tu connais ? (Cyclisme (Zwift)),Quelles sont les épreuves que tu connais ? (Voile (Virtual Regatta)),Quelles sont les épreuves que tu connais ? (Baseball (Ebaseball : Power pros)),Quelles sont les épreuves que tu connais ? (Tennis (Tennis Clash)),Quelles sont les épreuves que tu connais ? (Moto (Gran Turismo)),Quelles sont les épreuves que tu connais ? (Echec (Chess.com)),Quelles sont les épreuves que tu connais ? (Triathlon (Zwift)),Quelles sont les épreuves que tu connais ? (Aucun),Connaissez-vous cette épreuve en raison de votre pratique du sport en question ou parce que vous l’avez découverte grâce à l’évènement ?,"Quelle a été votre expérience sur ""The Olympic Esports Series 2023"" ?

 [Visionnage (plateforme, fluidité)]","Quelle a été votre expérience sur ""The Olympic Esports Series 2023"" ?

 [Jeux choisies]","Quelle a été votre expérience sur ""The Olympic Esports Series 2023"" ?

 [Communications]","Connais-tu l'e-sport ? 
",Parmi ces jeux lesquels connais-tu?,Parmi ces jeux lesquels connais-tu? (League of Legends),Parmi ces jeux lesquels connais-tu? (Counter Strike),Parmi ces jeux lesquels connais-tu? (Call of Duty),Parmi ces jeux lesquels connais-tu? (Rocket League),Parmi ces jeux lesquels connais-tu? (Dota 2),Parmi ces jeux lesquels connais-tu? (Fortnite),Parmi ces jeux lesquels connais-tu? (Fifa),Parmi ces jeux lesquels connais-tu? (Trackmania),Parmi ces jeux lesquels connais-tu? (Street Fighter),Parmi ces jeux lesquels connais-tu? (Aucun),À quelle fréquence regardes-tu les compétitions ? ,"Pour toi, lequel est le plus attrayant : les sports olympiques traditionnels ou l'e-sport ?
",Penses-tu que le e-sport a sa place dans les JO ? ,Est-ce que tu serais plus enclin à regarder les JO si l’e-sport en faisait partie ?,"Parmi ces athlètes, lesquels connais-tu ?","Parmi ces athlètes, lesquels connais-tu ? (Teddy Riner)","Parmi ces athlètes, lesquels connais-tu ? (Lee Sang-hyeok (Faker))","Parmi ces athlètes, lesquels connais-tu ? (Simone Biles)","Parmi ces athlètes, lesquels connais-tu ? (Serena Williams)","Parmi ces athlètes, lesquels connais-tu ? (Seth Abner (scumperjumper))","Parmi ces athlètes, lesquels connais-tu ? (Choi Woo-je (Zeus))","Parmi ces athlètes, lesquels connais-tu ? (Shelly-Ann Fraser-Pryce)","Parmi ces athlètes, lesquels connais-tu ? (Kyle Storer (Torment))","Parmi ces athlètes, lesquels connais-tu ? (Nikola Kovač (NiKo))","Parmi ces athlètes, lesquels connais-tu ? (Hassiba Boulmerka)","Parmi ces athlètes, lesquels connais-tu ? (Aucun)"
OAzEjR,RD8zdd,2023-10-17 12:29:17,20-24 ans,Non,,,,,,,,,,,,,,,,,,"Oui, je regarde","Fortnite, Fifa, Trackmania",FALSE,FALSE,FALSE,FALSE,FALSE,TRUE,TRUE,TRUE,FALSE,FALSE,Quand je tombe dessus,E-sport,Oui,Oui,"Teddy Riner, Serena Williams, Choi Woo-je (Zeus), Shelly-Ann Fraser-Pryce, Simone Biles, Hassiba Boulmerka",TRUE,FALSE,TRUE,TRUE,FALSE,TRUE,TRUE,FALSE,FALSE,TRUE,FALSE
GrzbXp,yJelNB,2023-10-17 12:29:49,25-29 ans,Non,,,,,,,,,,,,,,,,,,"Oui, je regarde","Fifa, Fortnite, Rocket League, League of Legends, Counter Strike, Call of Duty, Street Fighter",TRUE,TRUE,TRUE,TRUE,FALSE,TRUE,TRUE,FALSE,TRUE,FALSE,Quand je tombe dessus,Sport traditionnel,Non,Non,"Teddy Riner, Simone Biles, Serena Williams",TRUE,FALSE,TRUE,TRUE,FALSE,FALSE,FALSE,FALSE,FALSE,FALSE,FALSE
GrzbZL,jlGB91,2023-10-17 12:35:49,15-19 ans,Non,,FALSE,FALSE,FALSE,FALSE,FALSE,FALSE,FALSE,FALSE,FALSE,FALSE,FALSE,FALSE,,,,,"Oui, je regarde","League of Legends, Counter Strike, Call of Duty, Rocket League, Fortnite, Fifa, Street Fighter",TRUE,TRUE,TRUE,TRUE,FALSE,TRUE,TRUE,FALSE,TRUE,FALSE,Que les grands évènments,E-sport,Oui,Oui,"Lee Sang-hyeok (Faker), Choi Woo-je (Zeus)",FALSE,TRUE,FALSE,FALSE,FALSE,TRUE,FALSE,FALSE,FALSE,FALSE,FALSE
9dW4LQ,Z2Pd1e,2023-10-17 12:37:27,20-24 ans,Non,,,,,,,,,,,,,,,,,,"Non, mais je connais","League of Legends, Counter Strike",TRUE,TRUE,FALSE,FALSE,FALSE,FALSE,FALSE,FALSE,FALSE,FALSE,,E-sport,Oui,Non,"Lee Sang-hyeok (Faker), Teddy Riner",TRUE,TRUE,FALSE,FALSE,FALSE,FALSE,FALSE,FALSE,FALSE,FALSE,FALSE
LdbOAv,bWNlY1,2023-10-17 12:37:36,25-29 ans,Non,,,,,,,,,,,,,,,,,,"Oui, je regarde","League of Legends, Counter Strike, Call of Duty, Rocket League, Dota 2, Fortnite, Fifa, Trackmania, Street Fighter",TRUE,TRUE,TRUE,TRUE,TRUE,TRUE,TRUE,TRUE,TRUE,FALSE,Que les grands évènments,Sport traditionnel,Oui,Oui,"Teddy Riner, Serena Williams, Nikola Kovač (NiKo), Lee Sang-hyeok (Faker)",TRUE,TRUE,FALSE,TRUE,FALSE,FALSE,FALSE,FALSE,TRUE,FALSE,FALSE
EPX6j4,X4Oe2L,2023-10-17 12:37:47,20-24 ans,Oui,"Danse (Just Dance), Tir (Fortnite), Triathlon (Zwift)",TRUE,FALSE,TRUE,FALSE,FALSE,FALSE,FALSE,FALSE,FALSE,FALSE,TRUE,FALSE,Autre,,,,"Oui, je regarde","League of Legends, Counter Strike, Dota 2, Call of Duty, Rocket League, Fortnite, Fifa, Street Fighter",TRUE,TRUE,TRUE,TRUE,TRUE,TRUE,TRUE,FALSE,TRUE,FALSE,Que les grands évènments,Sport traditionnel,Non,Peut être,"Teddy Riner, Simone Biles, Serena Williams, Nikola Kovač (NiKo)",TRUE,FALSE,TRUE,TRUE,FALSE,FALSE,FALSE,FALSE,TRUE,FALSE,FALSE
bl7Aqo,xJ9dz5,2023-10-17 12:38:58,15-19 ans,Non,,,,,,,,,,,,,,,,,,"Non, mais je connais","League of Legends, Counter Strike, Call of Duty, Rocket League, Fortnite, Fifa, Trackmania, Street Fighter, Dota 2",TRUE,TRUE,TRUE,TRUE,TRUE,TRUE,TRUE,TRUE,TRUE,FALSE,,Sport traditionnel,Non,Non,"Teddy Riner, Serena Williams",TRUE,FALSE,FALSE,TRUE,FALSE,FALSE,FALSE,FALSE,FALSE,FALSE,FALSE
Grz7R2,z7WKOR,2023-10-17 12:40:13,20-24 ans,Oui,Aucun,FALSE,FALSE,FALSE,FALSE,FALSE,FALSE,FALSE,FALSE,FALSE,FALSE,FALSE,TRUE,Autre,,,,"Non, mais je connais","League of Legends, Rocket League, Call of Duty, Counter Strike, Fortnite, Fifa, Street Fighter",TRUE,TRUE,TRUE,TRUE,FALSE,TRUE,TRUE,FALSE,TRUE,FALSE,,Sport traditionnel,Oui,Peut être,"Teddy Riner, Simone Biles, Serena Williams",TRUE,FALSE,TRUE,TRUE,FALSE,FALSE,FALSE,FALSE,FALSE,FALSE,FALSE
VZ0xMj,ME8AZY,2023-10-17 12:43:00,25-29 ans,Non,,,,,,,,,,,,,,,,,,"Oui, je regarde","League of Legends, Rocket League, Counter Strike, Call of Duty, Dota 2, Fortnite, Fifa, Trackmania, Street Fighter",TRUE,TRUE,TRUE,TRUE,TRUE,TRUE,TRUE,TRUE,TRUE,FALSE,Que les grands évènments,E-sport,Oui,Oui,"Teddy Riner, Lee Sang-hyeok (Faker), Serena Williams, Choi Woo-je (Zeus)",TRUE,TRUE,FALSE,TRUE,FALSE,TRUE,FALSE,FALSE,FALSE,FALSE,FALSE
BGX9jK,l6VNEp,2023-10-17 12:44:45,25-29 ans,Non,,,,,,,,,,,,,,,,,,"Oui, je regarde","League of Legends, Counter Strike, Call of Duty, Rocket League, Dota 2, Fortnite, Fifa, Trackmania, Street Fighter",TRUE,TRUE,TRUE,TRUE,TRUE,TRUE,TRUE,TRUE,TRUE,FALSE,1 à 2 fois par semaine,Sport traditionnel,Oui,Oui,"Teddy Riner, Lee Sang-hyeok (Faker), Serena Williams, Choi Woo-je (Zeus)",TRUE,TRUE,FALSE,TRUE,FALSE,TRUE,FALSE,FALSE,FALSE,FALSE,FALSE
WANZqN,0eoE4Q,2023-10-17 12:45:52,20-24 ans,Non,,,,,,,,,,,,,,,,,,"Non, mais je connais","League of Legends, Counter Strike, Call of Duty, Rocket League, Dota 2, Fortnite, Fifa, Trackmania, Street Fighter",TRUE,TRUE,TRUE,TRUE,TRUE,TRUE,TRUE,TRUE,TRUE,FALSE,,Sport traditionnel,Non,Non,"Teddy Riner, Lee Sang-hyeok (Faker), Simone Biles, Serena Williams",TRUE,TRUE,TRUE,TRUE,FALSE,FALSE,FALSE,FALSE,FALSE,FALSE,FALSE
oAyxpV,X4OeZe,2023-10-17 12:46:55,20-24 ans,Non,,,,,,,,,,,,,,,,,,"Oui, je regarde","League of Legends, Rocket League, Call of Duty, Counter Strike, Fifa, Fortnite, Dota 2, Trackmania, Street Fighter",TRUE,TRUE,TRUE,TRUE,TRUE,TRUE,TRUE,TRUE,TRUE,FALSE,Quand je tombe dessus,E-sport,Oui,Oui,"Teddy Riner, Lee Sang-hyeok (Faker), Serena Williams, Choi Woo-je (Zeus), Nikola Kovač (NiKo)",TRUE,TRUE,FALSE,TRUE,FALSE,TRUE,FALSE,FALSE,TRUE,FALSE,FALSE
EPXayl,xJ9QD5,2023-10-17 12:51:45,25-29 ans,Non,,,,,,,,,,,,,,,,,,"Non, mais je connais","League of Legends, Counter Strike, Call of Duty, Fortnite, Fifa, Street Fighter",TRUE,TRUE,TRUE,FALSE,FALSE,TRUE,TRUE,FALSE,TRUE,FALSE,,Sport traditionnel,Non,Non,"Teddy Riner, Lee Sang-hyeok (Faker), Serena Williams, Hassiba Boulmerka",TRUE,TRUE,FALSE,TRUE,FALSE,FALSE,FALSE,FALSE,FALSE,TRUE,FALSE
EPXAQN,ro2KVM,2023-10-17 12:55:45,20-24 ans,Non,,,,,,,,,,,,,,,,,,"Non, mais je connais","Call of Duty, League of Legends, Counter Strike, Rocket League, Fortnite, Fifa, Trackmania, Street Fighter",TRUE,TRUE,TRUE,TRUE,FALSE,TRUE,TRUE,TRUE,TRUE,FALSE,,Sport traditionnel,Non,Non,"Teddy Riner, Simone Biles, Serena Williams",TRUE,FALSE,TRUE,TRUE,FALSE,FALSE,FALSE,FALSE,FALSE,FALSE,FALSE
NA6E0W,a2ZxrE,2023-10-17 12:56:59,20-24 ans,Non,,,,,,,,,,,,,,,,,,"Oui, je regarde","League of Legends, Counter Strike, Call of Duty, Dota 2, Rocket League, Fortnite, Trackmania, Fifa, Street Fighter",TRUE,TRUE,TRUE,TRUE,TRUE,TRUE,TRUE,TRUE,TRUE,FALSE,1 à 2 fois par semaine,E-sport,Non,Oui,"Teddy Riner, Lee Sang-hyeok (Faker), Serena Williams, Choi Woo-je (Zeus)",TRUE,TRUE,FALSE,TRUE,FALSE,TRUE,FALSE,FALSE,FALSE,FALSE,FALSE
dY6gKV,o2lBkN,2023-10-17 12:59:20,25-29 ans,Oui,"Taekwondo (Virtual Taekwondo), Moto (Gran Turismo), Echec (Chess.com)",FALSE,FALSE,FALSE,TRUE,FALSE,FALSE,FALSE,FALSE,TRUE,TRUE,FALSE,FALSE,Grâce à l’évènement,,,,"Oui, je regarde","League of Legends, Fortnite, Street Fighter, Fifa, Counter Strike, Call of Duty",TRUE,TRUE,TRUE,FALSE,FALSE,TRUE,TRUE,FALSE,TRUE,FALSE,Que les grands évènments,Sport traditionnel,Oui,Oui,"Nikola Kovač (NiKo), Hassiba Boulmerka, Serena Williams, Lee Sang-hyeok (Faker)",FALSE,TRUE,FALSE,TRUE,FALSE,FALSE,FALSE,FALSE,TRUE,TRUE,FALSE
YZQepv,O78PoM,2023-10-17 12:59:20,20-24 ans,Oui,"Danse (Just Dance), Tir (Fortnite), Moto (Gran Turismo), Echec (Chess.com), Triathlon (Zwift)",TRUE,FALSE,TRUE,FALSE,FALSE,FALSE,FALSE,FALSE,TRUE,TRUE,TRUE,FALSE,Autre,,,,"Oui, je regarde","League of Legends, Counter Strike, Call of Duty, Rocket League, Trackmania, Street Fighter, Dota 2, Fortnite, Fifa",TRUE,TRUE,TRUE,TRUE,TRUE,TRUE,TRUE,TRUE,TRUE,FALSE,Que les grands évènments,E-sport,Oui,Peut être,"Teddy Riner, Lee Sang-hyeok (Faker), Serena Williams, Seth Abner (scumperjumper), Choi Woo-je (Zeus)",TRUE,TRUE,FALSE,TRUE,TRUE,TRUE,FALSE,FALSE,FALSE,FALSE,FALSE
9dWxyQ,8Zjk5z,2023-10-17 13:02:07,20-24 ans,Non,,,,,,,,,,,,,,,,,,"Oui, je regarde","Counter Strike, League of Legends, Call of Duty, Rocket League, Dota 2, Fortnite, Fifa, Trackmania, Street Fighter",TRUE,TRUE,TRUE,TRUE,TRUE,TRUE,TRUE,TRUE,TRUE,FALSE,Que les grands évènments,Sport traditionnel,Oui,Oui,"Teddy Riner, Lee Sang-hyeok (Faker), Serena Williams, Choi Woo-je (Zeus)",TRUE,TRUE,FALSE,TRUE,FALSE,TRUE,FALSE,FALSE,FALSE,FALSE,FALSE
BGX6lQ,Y4VOyW,2023-10-17 13:02:10,25-29 ans,Non,,,,,,,,,,,,,,,,,,"Non, mais je connais","League of Legends, Call of Duty",TRUE,FALSE,TRUE,FALSE,FALSE,FALSE,FALSE,FALSE,FALSE,FALSE,,E-sport,Non,Peut être,Serena Williams,FALSE,FALSE,FALSE,TRUE,FALSE,FALSE,FALSE,FALSE,FALSE,FALSE,FALSE
ZdNWby,4KPkRY,2023-10-17 13:03:53,45-49 ans,Non,,,,,,,,,,,,,,,,,,"Non, mais je connais",Aucun,FALSE,FALSE,FALSE,FALSE,FALSE,FALSE,FALSE,FALSE,FALSE,TRUE,,E-sport,Oui,Non,"Teddy Riner, Serena Williams",TRUE,FALSE,FALSE,TRUE,FALSE,FALSE,FALSE,FALSE,FALSE,FALSE,FALSE
YZQeAq,Ex81G4,2023-10-17 13:04:33,20-24 ans,Non,,,,,,,,,,,,,,,,,,"Oui, je regarde","League of Legends, Call of Duty, Counter Strike, Rocket League, Dota 2, Fortnite, Fifa, Trackmania, Street Fighter",TRUE,TRUE,TRUE,TRUE,TRUE,TRUE,TRUE,TRUE,TRUE,FALSE,Que les grands évènments,E-sport,Oui,Oui,"Teddy Riner, Lee Sang-hyeok (Faker), Serena Williams, Choi Woo-je (Zeus)",TRUE,TRUE,FALSE,TRUE,FALSE,TRUE,FALSE,FALSE,FALSE,FALSE,FALSE
QADX1Y,D701Qb,2023-10-17 13:08:08,20-24 ans,Non,,,,,,,,,,,,,,,,,,"Non, mais je connais","League of Legends, Rocket League, Fortnite, Fifa",TRUE,FALSE,FALSE,TRUE,FALSE,TRUE,TRUE,FALSE,FALSE,FALSE,,Sport traditionnel,Oui,Non,"Teddy Riner, Serena Williams, Nikola Kovač (NiKo)",TRUE,FALSE,FALSE,TRUE,FALSE,FALSE,FALSE,FALSE,TRUE,FALSE,FALSE
9dWaBE,xJ9QD5,2023-10-17 13:08:08,25-29 ans,Non,,,,,,,,,,,,,,,,,,"Non, mais je connais","League of Legends, Counter Strike",TRUE,TRUE,FALSE,FALSE,FALSE,FALSE,FALSE,FALSE,FALSE,FALSE,,Sport traditionnel,Non,Non,"Teddy Riner, Lee Sang-hyeok (Faker), Serena Williams, Hassiba Boulmerka",TRUE,TRUE,FALSE,TRUE,FALSE,FALSE,FALSE,FALSE,FALSE,TRUE,FALSE
ZdNgEe,D701gj,2023-10-17 13:08:54,20-24 ans,Non,,,,,,,,,,,,,,,,,,"Oui, je regarde","League of Legends, Counter Strike, Call of Duty, Rocket League, Fortnite, Fifa",TRUE,TRUE,TRUE,TRUE,FALSE,TRUE,TRUE,FALSE,FALSE,FALSE,Que les grands évènments,Sport traditionnel,Oui,Peut être,"Lee Sang-hyeok (Faker), Teddy Riner, Choi Woo-je (Zeus), Serena Williams",TRUE,TRUE,FALSE,TRUE,FALSE,TRUE,FALSE,FALSE,FALSE,FALSE,FALSE
EPXglB,Bx81PA,2023-10-17 13:09:14,15-19 ans,Non,,,,,,,,,,,,,,,,,,"Oui, je regarde","League of Legends, Counter Strike, Call of Duty, Rocket League, Fortnite, Dota 2, Fifa, Trackmania, Street Fighter",TRUE,TRUE,TRUE,TRUE,TRUE,TRUE,TRUE,TRUE,TRUE,FALSE,1 à 2 fois par semaine,E-sport,Oui,Peut être,"Teddy Riner, Lee Sang-hyeok (Faker), Choi Woo-je (Zeus)",TRUE,TRUE,FALSE,FALSE,FALSE,TRUE,FALSE,FALSE,FALSE,FALSE,FALSE
jBypoJ,vPqBQd,2023-10-17 13:09:17,20-24 ans,Oui,"Triathlon (Zwift), Tennis (Tennis Clash), Baseball (Ebaseball : Power pros), Cyclisme (Zwift)",FALSE,FALSE,FALSE,FALSE,TRUE,FALSE,TRUE,TRUE,FALSE,FALSE,TRUE,FALSE,Grâce à l’évènement,,,,"Non, mais je connais","League of Legends, Counter Strike, Call of Duty, Rocket League, Dota 2, Fortnite, Fifa, Trackmania, Street Fighter",TRUE,TRUE,TRUE,TRUE,TRUE,TRUE,TRUE,TRUE,TRUE,FALSE,,E-sport,Non,Non,Aucun,FALSE,FALSE,FALSE,FALSE,FALSE,FALSE,FALSE,FALSE,FALSE,FALSE,TRUE
9dWaZ5,JO8RNY,2023-10-17 13:09:20,30-34 ans,Non,,,,,,,,,,,,,,,,,,"Non, mais je connais","Fifa, Fortnite, Rocket League, Call of Duty, Counter Strike, League of Legends",TRUE,TRUE,TRUE,TRUE,FALSE,TRUE,TRUE,FALSE,FALSE,FALSE,,Sport traditionnel,Non,Non,Serena Williams,FALSE,FALSE,FALSE,TRUE,FALSE,FALSE,FALSE,FALSE,FALSE,FALSE,FALSE
Rz0g59,8Zje1o,2023-10-17 13:10:23,20-24 ans,Non,,,,,,,,,,,,,,,,,,"Non, mais je connais","League of Legends, Counter Strike, Call of Duty, Rocket League, Dota 2, Fortnite, Street Fighter, Fifa, Trackmania",TRUE,TRUE,TRUE,TRUE,TRUE,TRUE,TRUE,TRUE,TRUE,FALSE,,E-sport,Non,Peut être,"Teddy Riner, Serena Williams",TRUE,FALSE,FALSE,TRUE,FALSE,FALSE,FALSE,FALSE,FALSE,FALSE,FALSE
1rlxKQ,g9W4aM,2023-10-17 13:11:29,15-19 ans,Non,,,,,,,,,,,,,,,,,,"Non, mais je connais","League of Legends, Call of Duty, Rocket League, Fortnite, Fifa",TRUE,FALSE,TRUE,TRUE,FALSE,TRUE,TRUE,FALSE,FALSE,FALSE,,Sport traditionnel,Oui,Peut être,"Serena Williams, Nikola Kovač (NiKo), Teddy Riner",TRUE,FALSE,FALSE,TRUE,FALSE,FALSE,FALSE,FALSE,TRUE,FALSE,FALSE
xdpoPo,GRY0pe,2023-10-17 13:12:48,20-24 ans,Non,,,,,,,,,,,,,,,,,,"Oui, je regarde","League of Legends, Counter Strike, Call of Duty, Rocket League, Fortnite, Fifa, Trackmania, Street Fighter",TRUE,TRUE,TRUE,TRUE,FALSE,TRUE,TRUE,TRUE,TRUE,FALSE,Quand je tombe dessus,E-sport,Oui,Oui,"Teddy Riner, Lee Sang-hyeok (Faker), Serena Williams",TRUE,TRUE,FALSE,TRUE,FALSE,FALSE,FALSE,FALSE,FALSE,FALSE,FALSE
6d79rO,Y4Vd4N,2023-10-17 13:13:50,15-19 ans,Non,,,,,,,,,,,,,,,,,,"Oui, je regarde","League of Legends, Counter Strike, Call of Duty, Rocket League, Fortnite, Fifa, Trackmania, Street Fighter",TRUE,TRUE,TRUE,TRUE,FALSE,TRUE,TRUE,TRUE,TRUE,FALSE,1 à 2 fois par semaine,E-sport,Oui,Oui,"Teddy Riner, Lee Sang-hyeok (Faker)",TRUE,TRUE,FALSE,FALSE,FALSE,FALSE,FALSE,FALSE,FALSE,FALSE,FALSE
1rlxDO,bWNOd1,2023-10-17 13:14:12,20-24 ans,Non,,,,,,,,,,,,,,,,,,"Oui, je regarde","Street Fighter, Trackmania, Fifa, Fortnite, Dota 2, Rocket League, Call of Duty, Counter Strike, League of Legends",TRUE,TRUE,TRUE,TRUE,TRUE,TRUE,TRUE,TRUE,TRUE,FALSE,Que les grands évènments,E-sport,Non,Oui,"Teddy Riner, Lee Sang-hyeok (Faker), Serena Williams",TRUE,TRUE,FALSE,TRUE,FALSE,FALSE,FALSE,FALSE,FALSE,FALSE,FALSE
KM6gRz,jlGxB4,2023-10-17 13:15:57,25-29 ans,Non,,,,,,,,,,,,,,,,,,"Oui, je regarde","League of Legends, Counter Strike",TRUE,TRUE,FALSE,FALSE,FALSE,FALSE,FALSE,FALSE,FALSE,FALSE,1 à 2 fois par semaine,E-sport,Oui,Oui,"Teddy Riner, Lee Sang-hyeok (Faker), Serena Williams, Simone Biles, Choi Woo-je (Zeus), Nikola Kovač (NiKo)",TRUE,TRUE,TRUE,TRUE,FALSE,TRUE,FALSE,FALSE,TRUE,FALSE,FALSE
jBypRa,GRY0Yj,2023-10-17 13:20:09,25-29 ans,Oui,"Tir à l'arc (Tic Tac Bow), Tir (Fortnite), Tennis (Tennis Clash), Moto (Gran Turismo)",FALSE,TRUE,TRUE,FALSE,FALSE,FALSE,FALSE,TRUE,TRUE,FALSE,FALSE,FALSE,Autre,,,,"Non, mais je connais","League of Legends, Counter Strike, Call of Duty, Rocket League, Fortnite, Fifa, Street Fighter",TRUE,TRUE,TRUE,TRUE,FALSE,TRUE,TRUE,FALSE,TRUE,FALSE,,E-sport,Oui,Oui,Teddy Riner,TRUE,FALSE,FALSE,FALSE,FALSE,FALSE,FALSE,FALSE,FALSE,FALSE,FALSE
dY6VJr,pD4GdZ,2023-10-17 13:34:01,15-19 ans,Non,,,,,,,,,,,,,,,,,,"Oui, je regarde","League of Legends, Rocket League, Call of Duty, Counter Strike, Fortnite, Street Fighter, Trackmania",TRUE,TRUE,TRUE,TRUE,FALSE,TRUE,FALSE,TRUE,TRUE,FALSE,Jamais / regarde les shorts,E-sport,Oui,Non,Aucun,FALSE,FALSE,FALSE,FALSE,FALSE,FALSE,FALSE,FALSE,FALSE,FALSE,TRUE
rl61lp,2KOLb9,2023-10-17 13:40:48,15-19 ans,Non,,,,,,,,,,,,,,,,,,"Oui, je regarde","League of Legends, Counter Strike, Call of Duty, Rocket League, Dota 2, Fortnite, Fifa, Trackmania, Street Fighter",TRUE,TRUE,TRUE,TRUE,TRUE,TRUE,TRUE,TRUE,TRUE,FALSE,Que les grands évènments,E-sport,Oui,Oui,Aucun,FALSE,FALSE,FALSE,FALSE,FALSE,FALSE,FALSE,FALSE,FALSE,FALSE,TRUE
pLK19b,d9Ql1y,2023-10-17 13:46:18,20-24 ans,Non,,,,,,,,,,,,,,,,,,"Oui, je regarde","League of Legends, Counter Strike, Call of Duty, Rocket League, Dota 2, Fortnite, Fifa, Trackmania, Street Fighter",TRUE,TRUE,TRUE,TRUE,TRUE,TRUE,TRUE,TRUE,TRUE,FALSE,Jamais / regarde les shorts,E-sport,Non,Oui,"Teddy Riner, Lee Sang-hyeok (Faker), Choi Woo-je (Zeus)",TRUE,TRUE,FALSE,FALSE,FALSE,TRUE,FALSE,FALSE,FALSE,FALSE,FALSE
YZQv6z,KV8LjD,2023-10-17 13:49:22,20-24 ans,Non,,,,,,,,,,,,,,,,,,"Oui, je regarde","Counter Strike, League of Legends, Call of Duty, Rocket League, Dota 2, Fortnite, Fifa, Trackmania, Street Fighter",TRUE,TRUE,TRUE,TRUE,TRUE,TRUE,TRUE,TRUE,TRUE,FALSE,Quand je tombe dessus,E-sport,Non,Peut être,"Teddy Riner, Lee Sang-hyeok (Faker)",TRUE,TRUE,FALSE,FALSE,FALSE,FALSE,FALSE,FALSE,FALSE,FALSE,FALSE
Rz0aNQ,z7WZ6g,2023-10-17 13:49:32,20-24 ans,Non,,,,,,,,,,,,,,,,,,"Oui, je regarde","League of Legends, Counter Strike, Rocket League, Dota 2, Call of Duty, Fortnite, Fifa, Street Fighter, Trackmania",TRUE,TRUE,TRUE,TRUE,TRUE,TRUE,TRUE,TRUE,TRUE,FALSE,Que les grands évènments,E-sport,Oui,Oui,"Teddy Riner, Serena Williams",TRUE,FALSE,FALSE,TRUE,FALSE,FALSE,FALSE,FALSE,FALSE,FALSE,FALSE
qbdM0O,Y4Vr1N,2023-10-17 13:50:38,20-24 ans,Non,,,,,,,,,,,,,,,,,,"Non, mais je connais","Call of Duty, Fortnite, Fifa",FALSE,FALSE,TRUE,FALSE,FALSE,TRUE,TRUE,FALSE,FALSE,FALSE,,E-sport,Non,Peut être,Serena Williams,FALSE,FALSE,FALSE,TRUE,FALSE,FALSE,FALSE,FALSE,FALSE,FALSE,FALSE
9dWyz5,KV8LXX,2023-10-17 13:50:54,20-24 ans,Non,,,,,,,,,,,,,,,,,,"Oui, je regarde","Call of Duty, Counter Strike, League of Legends, Rocket League, Dota 2, Fortnite, Fifa, Trackmania, Street Fighter",TRUE,TRUE,TRUE,TRUE,TRUE,TRUE,TRUE,TRUE,TRUE,FALSE,1 à 2 fois par semaine,E-sport,Oui,Oui,"Teddy Riner, Lee Sang-hyeok (Faker), Serena Williams, Choi Woo-je (Zeus)",TRUE,TRUE,FALSE,TRUE,FALSE,TRUE,FALSE,FALSE,FALSE,FALSE,FALSE
EPXrxN,Pz8YdV,2023-10-17 13:53:34,20-24 ans,Non,,,,,,,,,,,,,,,,,,"Non, mais je connais","League of Legends, Call of Duty, Rocket League, Fortnite, Fifa",TRUE,FALSE,TRUE,TRUE,FALSE,TRUE,TRUE,FALSE,FALSE,FALSE,,Sport traditionnel,Non,Non,"Teddy Riner, Serena Williams",TRUE,FALSE,FALSE,TRUE,FALSE,FALSE,FALSE,FALSE,FALSE,FALSE,FALSE
428D8b,Ex8D5X,2023-10-17 13:54:36,25-29 ans,Non,,,,,,,,,,,,,,,,,,Non,"League of Legends, Call of Duty, Dota 2, Fortnite, Fifa",TRUE,FALSE,TRUE,FALSE,TRUE,TRUE,TRUE,FALSE,FALSE,FALSE,,Sport traditionnel,Non,Non,"Teddy Riner, Serena Williams, Simone Biles",TRUE,FALSE,TRUE,TRUE,FALSE,FALSE,FALSE,FALSE,FALSE,FALSE,FALSE
PA6WX0,bWNrde,2023-10-17 13:56:13,15-19 ans,Non,,,,,,,,,,,,,,,,,,"Non, mais je connais","Fortnite, Call of Duty, League of Legends, Fifa",TRUE,FALSE,TRUE,FALSE,FALSE,TRUE,TRUE,FALSE,FALSE,FALSE,,Sport traditionnel,Oui,Peut être,Serena Williams,FALSE,FALSE,FALSE,TRUE,FALSE,FALSE,FALSE,FALSE,FALSE,FALSE,FALSE
6d7zrN,o2ldMX,2023-10-17 13:57:01,20-24 ans,Oui,"Danse (Just Dance), Tir à l'arc (Tic Tac Bow), Tir (Fortnite), Moto (Gran Turismo), Echec (Chess.com)",TRUE,TRUE,TRUE,FALSE,FALSE,FALSE,FALSE,FALSE,TRUE,TRUE,FALSE,FALSE,Grâce à l’évènement,,,,"Oui, je regarde","League of Legends, Counter Strike, Rocket League, Trackmania",TRUE,TRUE,FALSE,TRUE,FALSE,FALSE,FALSE,TRUE,FALSE,FALSE,Que les grands évènments,E-sport,Non,Oui,Lee Sang-hyeok (Faker),FALSE,TRUE,FALSE,FALSE,FALSE,FALSE,FALSE,FALSE,FALSE,FALSE,FALSE
BGXqEe,kNOWx1,2023-10-17 14:05:39,20-24 ans,Non,,,,,,,,,,,,,,,,,,"Oui, je regarde","League of Legends, Street Fighter, Trackmania",TRUE,FALSE,FALSE,FALSE,FALSE,FALSE,FALSE,TRUE,TRUE,FALSE,Quand je tombe dessus,E-sport,Oui,Oui,"Teddy Riner, Lee Sang-hyeok (Faker), Serena Williams, Simone Biles",TRUE,TRUE,TRUE,TRUE,FALSE,FALSE,FALSE,FALSE,FALSE,FALSE,FALSE
rl6ROR,2KOvzV,2023-10-17 14:06:55,20-24 ans,Oui,Danse (Just Dance),TRUE,FALSE,FALSE,FALSE,FALSE,FALSE,FALSE,FALSE,FALSE,FALSE,FALSE,FALSE,Autre,,,,"Oui, je regarde","League of Legends, Street Fighter",TRUE,FALSE,FALSE,FALSE,FALSE,FALSE,FALSE,FALSE,TRUE,FALSE,Que les grands évènments,E-sport,Oui,Oui,"Serena Williams, Lee Sang-hyeok (Faker), Choi Woo-je (Zeus), Nikola Kovač (NiKo), Teddy Riner",TRUE,TRUE,FALSE,TRUE,FALSE,TRUE,FALSE,FALSE,TRUE,FALSE,FALSE
lNyX6v,a2ZE19,2023-10-17 14:07:17,20-24 ans,Non,,,,,,,,,,,,,,,,,,"Oui, je regarde","League of Legends, Counter Strike, Call of Duty, Rocket League, Dota 2, Fortnite, Fifa, Trackmania, Street Fighter",TRUE,TRUE,TRUE,TRUE,TRUE,TRUE,TRUE,TRUE,TRUE,FALSE,Quand je tombe dessus,E-sport,Oui,Oui,"Teddy Riner, Lee Sang-hyeok (Faker), Serena Williams",TRUE,TRUE,FALSE,TRUE,FALSE,FALSE,FALSE,FALSE,FALSE,FALSE,FALSE
Rz01zd,Bx84oK,2023-10-17 14:08:24,20-24 ans,Non,,,,,,,,,,,,,,,,,,"Non, mais je connais","League of Legends, Fifa, Fortnite",TRUE,FALSE,FALSE,FALSE,FALSE,TRUE,TRUE,FALSE,FALSE,FALSE,,Sport traditionnel,Non,Peut être,"Serena Williams, Teddy Riner",TRUE,FALSE,FALSE,TRUE,FALSE,FALSE,FALSE,FALSE,FALSE,FALSE,FALSE
OAzqJY,g9WNAO,2023-10-17 14:38:46,20-24 ans,Non,,,,,,,,,,,,,,,,,,"Oui, je regarde","League of Legends, Counter Strike, Call of Duty, Rocket League, Fifa, Dota 2, Fortnite, Trackmania, Street Fighter",TRUE,TRUE,TRUE,TRUE,TRUE,TRUE,TRUE,TRUE,TRUE,FALSE,Quand je tombe dessus,Sport traditionnel,Non,Peut être,"Teddy Riner, Lee Sang-hyeok (Faker), Serena Williams, Simone Biles, Choi Woo-je (Zeus), Hassiba Boulmerka",TRUE,TRUE,TRUE,TRUE,FALSE,TRUE,FALSE,FALSE,FALSE,TRUE,FALSE
xdp8Br,ABW6Bo,2023-10-17 14:56:36,20-24 ans,Non,,,,,,,,,,,,,,,,,,"Non, mais je connais","League of Legends, Call of Duty, Rocket League, Fortnite, Fifa, Street Fighter",TRUE,FALSE,TRUE,TRUE,FALSE,TRUE,TRUE,FALSE,TRUE,FALSE,,Sport traditionnel,Non,Non,"Teddy Riner, Simone Biles, Serena Williams",TRUE,FALSE,TRUE,TRUE,FALSE,FALSE,FALSE,FALSE,FALSE,FALSE,FALSE
rl6MWo,a2ZxrE,2023-10-17 15:10:24,20-24 ans,Non,,,,,,,,,,,,,,,,,,"Oui, je regarde","Counter Strike, League of Legends, Call of Duty, Rocket League, Dota 2, Fortnite, Street Fighter, Fifa, Trackmania",TRUE,TRUE,TRUE,TRUE,TRUE,TRUE,TRUE,TRUE,TRUE,FALSE,1 à 2 fois par semaine,E-sport,Oui,Oui,"Teddy Riner, Lee Sang-hyeok (Faker), Serena Williams, Choi Woo-je (Zeus)",TRUE,TRUE,FALSE,TRUE,FALSE,TRUE,FALSE,FALSE,FALSE,FALSE,FALSE
oAyjeN,GRYYrz,2023-10-17 15:16:37,20-24 ans,Non,,,,,,,,,,,,,,,,,,"Oui, je regarde","League of Legends, Counter Strike, Call of Duty, Rocket League, Dota 2, Fortnite, Fifa, Trackmania, Street Fighter",TRUE,TRUE,TRUE,TRUE,TRUE,TRUE,TRUE,TRUE,TRUE,FALSE,1 à 2 fois par semaine,E-sport,Oui,Oui,"Teddy Riner, Lee Sang-hyeok (Faker), Simone Biles, Serena Williams, Choi Woo-je (Zeus)",TRUE,TRUE,TRUE,TRUE,FALSE,TRUE,FALSE,FALSE,FALSE,FALSE,FALSE
jByVB4,Z2PPY5,2023-10-17 15:18:20,15-19 ans,Non,,,,,,,,,,,,,,,,,,"Oui, je regarde","League of Legends, Counter Strike, Call of Duty, Dota 2, Rocket League, Fortnite, Street Fighter, Fifa, Trackmania",TRUE,TRUE,TRUE,TRUE,TRUE,TRUE,TRUE,TRUE,TRUE,FALSE,Que les grands évènments,E-sport,Oui,Oui,Aucun,FALSE,FALSE,FALSE,FALSE,FALSE,FALSE,FALSE,FALSE,FALSE,FALSE,TRUE
oAyjOP,ME88J8,2023-10-17 15:18:52,20-24 ans,Oui,"Danse (Just Dance), Tir à l'arc (Tic Tac Bow), Tir (Fortnite), Taekwondo (Virtual Taekwondo), Cyclisme (Zwift), Voile (Virtual Regatta), Baseball (Ebaseball : Power pros), Tennis (Tennis Clash), Moto (Gran Turismo), Echec (Chess.com), Triathlon (Zwift)",TRUE,TRUE,TRUE,TRUE,TRUE,TRUE,TRUE,TRUE,TRUE,TRUE,TRUE,FALSE,Grâce à l’évènement,,,,"Oui, je regarde","League of Legends, Counter Strike, Call of Duty, Rocket League, Dota 2, Fifa, Fortnite, Trackmania, Street Fighter",TRUE,TRUE,TRUE,TRUE,TRUE,TRUE,TRUE,TRUE,TRUE,FALSE,1 à 2 fois par semaine,E-sport,Non,Non,"Teddy Riner, Lee Sang-hyeok (Faker), Serena Williams, Choi Woo-je (Zeus), Nikola Kovač (NiKo)",TRUE,TRUE,FALSE,TRUE,FALSE,TRUE,FALSE,FALSE,TRUE,FALSE,FALSE
zKq6Qa,o2lllO,2023-10-17 15:19:59,15-19 ans,Non,,,,,,,,,,,,,,,,,,"Oui, je regarde","League of Legends, Counter Strike, Rocket League, Dota 2, Fifa, Call of Duty, Fortnite, Trackmania, Street Fighter",TRUE,TRUE,TRUE,TRUE,TRUE,TRUE,TRUE,TRUE,TRUE,FALSE,1 à 2 fois par semaine,E-sport,Oui,Oui,Teddy Riner,TRUE,FALSE,FALSE,FALSE,FALSE,FALSE,FALSE,FALSE,FALSE,FALSE,FALSE
oAyjk1,O788og,2023-10-17 15:21:17,20-24 ans,Oui,Tir à l'arc (Tic Tac Bow),FALSE,TRUE,FALSE,FALSE,FALSE,FALSE,FALSE,FALSE,FALSE,FALSE,FALSE,FALSE,Autre,,,,"Oui, je regarde","League of Legends, Counter Strike, Call of Duty, Rocket League, Dota 2, Fortnite, Fifa, Trackmania, Street Fighter",TRUE,TRUE,TRUE,TRUE,TRUE,TRUE,TRUE,TRUE,TRUE,FALSE,1 à 2 fois par semaine,E-sport,Non,Peut être,"Teddy Riner, Lee Sang-hyeok (Faker), Choi Woo-je (Zeus)",TRUE,TRUE,FALSE,FALSE,FALSE,TRUE,FALSE,FALSE,FALSE,FALSE,FALSE
dY6yXV,W8llda,2023-10-17 15:23:52,20-24 ans,Oui,"Danse (Just Dance), Moto (Gran Turismo), Tennis (Tennis Clash), Echec (Chess.com), Voile (Virtual Regatta), Tir (Fortnite)",TRUE,FALSE,TRUE,FALSE,FALSE,TRUE,FALSE,TRUE,TRUE,TRUE,FALSE,FALSE,Grâce à l’évènement,,,,"Oui, je regarde","League of Legends, Counter Strike, Call of Duty, Rocket League, Dota 2, Fortnite, Fifa, Trackmania, Street Fighter",TRUE,TRUE,TRUE,TRUE,TRUE,TRUE,TRUE,TRUE,TRUE,FALSE,1 à 2 fois par semaine,Sport traditionnel,Oui,Oui,"Teddy Riner, Serena Williams, Choi Woo-je (Zeus), Nikola Kovač (NiKo), Hassiba Boulmerka",TRUE,FALSE,FALSE,TRUE,FALSE,TRUE,FALSE,FALSE,TRUE,TRUE,FALSE
EPXOGl,yJeeR4,2023-10-17 15:24:02,Moins de 15 ans,Non,,,,,,,,,,,,,,,,,,"Non, mais je connais","League of Legends, Call of Duty, Rocket League, Fortnite, Fifa, Street Fighter",TRUE,FALSE,TRUE,TRUE,FALSE,TRUE,TRUE,FALSE,TRUE,FALSE,,Sport traditionnel,Non,Non,"Teddy Riner, Lee Sang-hyeok (Faker)",TRUE,TRUE,FALSE,FALSE,FALSE,FALSE,FALSE,FALSE,FALSE,FALSE,FALSE
WAN7Wv,Bx88oA,2023-10-17 15:25:49,20-24 ans,Non,,,,,,,,,,,,,,,,,,"Oui, je regarde","League of Legends, Fortnite, Fifa",TRUE,FALSE,FALSE,FALSE,FALSE,TRUE,TRUE,FALSE,FALSE,FALSE,Quand je tombe dessus,Sport traditionnel,Oui,Oui,Teddy Riner,TRUE,FALSE,FALSE,FALSE,FALSE,FALSE,FALSE,FALSE,FALSE,FALSE,FALSE
9dWkE5,Z2PvOo,2023-10-17 15:32:44,20-24 ans,Oui,"Tir à l'arc (Tic Tac Bow), Cyclisme (Zwift), Tennis (Tennis Clash)",FALSE,TRUE,FALSE,FALSE,TRUE,FALSE,FALSE,TRUE,FALSE,FALSE,FALSE,FALSE,Grâce à l’évènement,,,,"Oui, je regarde","League of Legends, Counter Strike, Call of Duty, Rocket League, Dota 2, Fortnite, Fifa, Street Fighter",TRUE,TRUE,TRUE,TRUE,TRUE,TRUE,TRUE,FALSE,TRUE,FALSE,Quand je tombe dessus,E-sport,Non,Non,"Lee Sang-hyeok (Faker), Teddy Riner, Nikola Kovač (NiKo)",TRUE,TRUE,FALSE,FALSE,FALSE,FALSE,FALSE,FALSE,TRUE,FALSE,FALSE
42869X,o2lKMe,2023-10-17 15:34:16,15-19 ans,Non,,,,,,,,,,,,,,,,,,"Oui, je regarde","League of Legends, Fortnite, Counter Strike",TRUE,TRUE,FALSE,FALSE,FALSE,TRUE,FALSE,FALSE,FALSE,FALSE,1 à 2 fois par semaine,E-sport,Oui,Oui,"Teddy Riner, Lee Sang-hyeok (Faker), Choi Woo-je (Zeus), Seth Abner (scumperjumper)",TRUE,TRUE,FALSE,FALSE,TRUE,TRUE,FALSE,FALSE,FALSE,FALSE,FALSE
g50l6M,O78d8k,2023-10-17 15:38:55,15-19 ans,Non,,,,,,,,,,,,,,,,,,"Non, mais je connais","League of Legends, Call of Duty, Rocket League, Fortnite, Fifa",TRUE,FALSE,TRUE,TRUE,FALSE,TRUE,TRUE,FALSE,FALSE,FALSE,,Sport traditionnel,Oui,Non,"Teddy Riner, Serena Williams",TRUE,FALSE,FALSE,TRUE,FALSE,FALSE,FALSE,FALSE,FALSE,FALSE,FALSE
Rz0ARP,X4O1b4,2023-10-17 15:45:52,15-19 ans,Non,,,,,,,,,,,,,,,,,,"Oui, je regarde","League of Legends, Counter Strike, Call of Duty, Rocket League, Dota 2, Fortnite, Fifa, Trackmania, Street Fighter",TRUE,TRUE,TRUE,TRUE,TRUE,TRUE,TRUE,TRUE,TRUE,FALSE,Que les grands évènments,E-sport,Oui,Oui,"Teddy Riner, Lee Sang-hyeok (Faker), Serena Williams, Choi Woo-je (Zeus), Nikola Kovač (NiKo)",TRUE,TRUE,FALSE,TRUE,FALSE,TRUE,FALSE,FALSE,TRUE,FALSE,FALSE
24epQg,yJeolg,2023-10-17 15:54:50,20-24 ans,Oui,"Danse (Just Dance), Tir (Fortnite), Cyclisme (Zwift), Voile (Virtual Regatta), Tennis (Tennis Clash), Echec (Chess.com)",TRUE,FALSE,TRUE,FALSE,TRUE,TRUE,FALSE,TRUE,FALSE,TRUE,FALSE,FALSE,Autre,,,,"Oui, je regarde","League of Legends, Counter Strike, Call of Duty, Rocket League, Dota 2, Fortnite, Fifa, Trackmania, Street Fighter",TRUE,TRUE,TRUE,TRUE,TRUE,TRUE,TRUE,TRUE,TRUE,FALSE,1 à 2 fois par semaine,E-sport,Oui,Oui,"Teddy Riner, Lee Sang-hyeok (Faker), Simone Biles, Serena Williams, Choi Woo-je (Zeus), Nikola Kovač (NiKo)",TRUE,TRUE,TRUE,TRUE,FALSE,TRUE,FALSE,FALSE,TRUE,FALSE,FALSE
dY67Nd,8Zj6Px,2023-10-17 15:56:52,20-24 ans,Non,,,,,,,,,,,,,,,,,,"Oui, je regarde","League of Legends, Counter Strike, Call of Duty, Rocket League, Fortnite, Street Fighter, Fifa, Trackmania, Dota 2",TRUE,TRUE,TRUE,TRUE,TRUE,TRUE,TRUE,TRUE,TRUE,FALSE,Que les grands évènments,E-sport,Oui,Oui,Aucun,FALSE,FALSE,FALSE,FALSE,FALSE,FALSE,FALSE,FALSE,FALSE,FALSE,TRUE
5dzNYo,jlGJRa,2023-10-17 16:06:23,15-19 ans,Non,,,,,,,,,,,,,,,,,,"Oui, je regarde","League of Legends, Counter Strike, Call of Duty, Rocket League, Dota 2, Fortnite, Fifa, Trackmania, Street Fighter",TRUE,TRUE,TRUE,TRUE,TRUE,TRUE,TRUE,TRUE,TRUE,FALSE,1 à 2 fois par semaine,Sport traditionnel,Oui,Oui,"Teddy Riner, Lee Sang-hyeok (Faker), Serena Williams, Choi Woo-je (Zeus), Nikola Kovač (NiKo), Simone Biles",TRUE,TRUE,TRUE,TRUE,FALSE,TRUE,FALSE,FALSE,TRUE,FALSE,FALSE
PA6ooQ,ABW41k,2023-10-17 16:08:59,25-29 ans,Oui,"Voile (Virtual Regatta), Cyclisme (Zwift), Tennis (Tennis Clash), Moto (Gran Turismo), Echec (Chess.com)",FALSE,FALSE,FALSE,FALSE,TRUE,TRUE,FALSE,TRUE,TRUE,TRUE,FALSE,FALSE,Grâce à l’évènement,,,,"Oui, je regarde","League of Legends, Counter Strike, Call of Duty, Rocket League, Dota 2, Fifa, Fortnite, Trackmania, Street Fighter",TRUE,TRUE,TRUE,TRUE,TRUE,TRUE,TRUE,TRUE,TRUE,FALSE,1 à 2 fois par semaine,E-sport,Non,Non,"Teddy Riner, Lee Sang-hyeok (Faker), Serena Williams",TRUE,TRUE,FALSE,TRUE,FALSE,FALSE,FALSE,FALSE,FALSE,FALSE,FALSE
9dWVvp,X4O2eP,2023-10-17 16:15:43,25-29 ans,Non,,,,,,,,,,,,,,,,,,"Oui, je regarde","League of Legends, Counter Strike, Fortnite",TRUE,TRUE,FALSE,FALSE,FALSE,TRUE,FALSE,FALSE,FALSE,FALSE,1 à 2 fois par semaine,E-sport,Non,Oui,"Teddy Riner, Lee Sang-hyeok (Faker), Simone Biles, Serena Williams, Choi Woo-je (Zeus), Nikola Kovač (NiKo)",TRUE,TRUE,TRUE,TRUE,FALSE,TRUE,FALSE,FALSE,TRUE,FALSE,FALSE
g502VP,yJedz4,2023-10-17 16:21:19,20-24 ans,Oui,"Voile (Virtual Regatta), Tennis (Tennis Clash)",FALSE,FALSE,FALSE,FALSE,FALSE,TRUE,FALSE,TRUE,FALSE,FALSE,FALSE,FALSE,Grâce à l’évènement,,,,Non,Aucun,FALSE,FALSE,FALSE,FALSE,FALSE,FALSE,FALSE,FALSE,FALSE,TRUE,,Sport traditionnel,Non,Non,Serena Williams,FALSE,FALSE,FALSE,TRUE,FALSE,FALSE,FALSE,FALSE,FALSE,FALSE,FALSE
ZdNqPo,pD4kjJ,2023-10-17 16:31:09,15-19 ans,Non,,,,,,,,,,,,,,,,,,"Oui, je regarde","League of Legends, Rocket League, Counter Strike, Call of Duty, Fifa, Fortnite, Dota 2, Trackmania, Street Fighter",TRUE,TRUE,TRUE,TRUE,TRUE,TRUE,TRUE,TRUE,TRUE,FALSE,Que les grands évènments,E-sport,Oui,Oui,"Teddy Riner, Lee Sang-hyeok (Faker), Serena Williams, Choi Woo-je (Zeus)",TRUE,TRUE,FALSE,TRUE,FALSE,TRUE,FALSE,FALSE,FALSE,FALSE,FALSE
BGXMAQ,Z2PD5z,2023-10-17 16:31:38,20-24 ans,Oui,"Danse (Just Dance), Voile (Virtual Regatta), Tir (Fortnite)",TRUE,FALSE,TRUE,FALSE,FALSE,TRUE,FALSE,FALSE,FALSE,FALSE,FALSE,FALSE,Grâce à ma pratique,,,,"Oui, je regarde",League of Legends,TRUE,FALSE,FALSE,FALSE,FALSE,FALSE,FALSE,FALSE,FALSE,FALSE,Que les grands évènments,E-sport,Oui,Oui,"Serena Williams, Simone Biles, Nikola Kovač (NiKo), Choi Woo-je (Zeus)",FALSE,FALSE,TRUE,TRUE,FALSE,TRUE,FALSE,FALSE,TRUE,FALSE,FALSE
EPXyyr,19G6vb,2023-10-17 16:38:09,20-24 ans,Non,,,,,,,,,,,,,,,,,,"Oui, je regarde","League of Legends, Counter Strike, Call of Duty, Rocket League, Dota 2, Fortnite, Fifa, Street Fighter, Trackmania",TRUE,TRUE,TRUE,TRUE,TRUE,TRUE,TRUE,TRUE,TRUE,FALSE,Que les grands évènments,E-sport,Oui,Oui,"Teddy Riner, Lee Sang-hyeok (Faker), Choi Woo-je (Zeus)",TRUE,TRUE,FALSE,FALSE,FALSE,TRUE,FALSE,FALSE,FALSE,FALSE,FALSE
0ExpDB,yJezbp,2023-10-17 16:46:04,20-24 ans,Non,,,,,,,,,,,,,,,,,,"Non, mais je connais","League of Legends, Call of Duty, Street Fighter, Fortnite, Fifa",TRUE,FALSE,TRUE,FALSE,FALSE,TRUE,TRUE,FALSE,TRUE,FALSE,,Sport traditionnel,Non,Peut être,"Teddy Riner, Simone Biles, Serena Williams",TRUE,FALSE,TRUE,TRUE,FALSE,FALSE,FALSE,FALSE,FALSE,FALSE,FALSE
VZZLNv,VzoxrJ,2023-10-17 17:33:34,25-29 ans,Non,,,,,,,,,,,,,,,,,,Non,"League of Legends, Counter Strike, Fortnite, Fifa",TRUE,TRUE,FALSE,FALSE,FALSE,TRUE,TRUE,FALSE,FALSE,FALSE,,Sport traditionnel,Non,Non,"Teddy Riner, Serena Williams",TRUE,FALSE,FALSE,TRUE,FALSE,FALSE,FALSE,FALSE,FALSE,FALSE,FALSE
rllD2o,N78ERG,2023-10-17 17:47:18,20-24 ans,Non,,,,,,,,,,,,,,,,,,"Oui, je regarde","League of Legends, Counter Strike, Call of Duty, Rocket League, Fortnite, Dota 2",TRUE,TRUE,TRUE,TRUE,TRUE,TRUE,FALSE,FALSE,FALSE,FALSE,Jamais / regarde les shorts,Sport traditionnel,Oui,Oui,"Teddy Riner, Serena Williams, Lee Sang-hyeok (Faker)",TRUE,TRUE,FALSE,TRUE,FALSE,FALSE,FALSE,FALSE,FALSE,FALSE,FALSE
6ddDyB,Ex8ArA,2023-10-17 17:51:07,15-19 ans,Non,,,,,,,,,,,,,,,,,,"Non, mais je connais","League of Legends, Counter Strike, Call of Duty, Fortnite, Fifa, Rocket League",TRUE,TRUE,TRUE,TRUE,FALSE,TRUE,TRUE,FALSE,FALSE,FALSE,,Sport traditionnel,Oui,Peut être,"Kyle Storer (Torment), Nikola Kovač (NiKo)",FALSE,FALSE,FALSE,FALSE,FALSE,FALSE,FALSE,TRUE,TRUE,FALSE,FALSE
Rzzx5d,l6V5BW,2023-10-17 17:59:42,30-34 ans,Non,,,,,,,,,,,,,,,,,,"Oui, je regarde","League of Legends, Counter Strike, Call of Duty, Rocket League, Dota 2, Fortnite, Fifa, Trackmania, Street Fighter",TRUE,TRUE,TRUE,TRUE,TRUE,TRUE,TRUE,TRUE,TRUE,FALSE,1 à 2 fois par semaine,E-sport,Oui,Oui,"Teddy Riner, Lee Sang-hyeok (Faker), Serena Williams, Simone Biles, Choi Woo-je (Zeus), Nikola Kovač (NiKo)",TRUE,TRUE,TRUE,TRUE,FALSE,TRUE,FALSE,FALSE,TRUE,FALSE,FALSE
vNNMEX,O78gAk,2023-10-17 18:03:41,20-24 ans,Non,,,,,,,,,,,,,,,,,,"Oui, je regarde","League of Legends, Counter Strike, Call of Duty, Rocket League, Dota 2, Fortnite, Fifa, Trackmania, Street Fighter",TRUE,TRUE,TRUE,TRUE,TRUE,TRUE,TRUE,TRUE,TRUE,FALSE,Que les grands évènments,E-sport,Oui,Oui,"Nikola Kovač (NiKo), Choi Woo-je (Zeus), Serena Williams, Teddy Riner",TRUE,FALSE,FALSE,TRUE,FALSE,TRUE,FALSE,FALSE,TRUE,FALSE,FALSE
VZZjvE,7N4e80,2023-10-17 18:19:58,Moins de 15 ans,Oui,Echec (Chess.com),FALSE,FALSE,FALSE,FALSE,FALSE,FALSE,FALSE,FALSE,FALSE,TRUE,FALSE,FALSE,Grâce à ma pratique,,,,"Oui, je regarde","League of Legends, Call of Duty, Counter Strike, Rocket League, Fifa, Dota 2, Fortnite, Trackmania, Street Fighter",TRUE,TRUE,TRUE,TRUE,TRUE,TRUE,TRUE,TRUE,TRUE,FALSE,1 à 2 fois par semaine,E-sport,Oui,Non,"Teddy Riner, Simone Biles",TRUE,FALSE,TRUE,FALSE,FALSE,FALSE,FALSE,FALSE,FALSE,FALSE,FALSE
VZZ0Dg,0eoY19,2023-10-17 20:07:17,25-29 ans,Oui,"Danse (Just Dance), Tir à l'arc (Tic Tac Bow), Tir (Fortnite), Moto (Gran Turismo), Echec (Chess.com)",TRUE,TRUE,TRUE,FALSE,FALSE,FALSE,FALSE,FALSE,TRUE,TRUE,FALSE,FALSE,Autre,,,,"Oui, je regarde","League of Legends, Counter Strike, Call of Duty, Rocket League, Dota 2, Fortnite, Fifa, Trackmania, Street Fighter",TRUE,TRUE,TRUE,TRUE,TRUE,TRUE,TRUE,TRUE,TRUE,FALSE,1 à 2 fois par semaine,E-sport,Non,Non,"Teddy Riner, Lee Sang-hyeok (Faker), Simone Biles, Serena Williams, Choi Woo-je (Zeus)",TRUE,TRUE,TRUE,TRUE,FALSE,TRUE,FALSE,FALSE,FALSE,FALSE,FALSE
244e9b,xJ971r,2023-10-17 20:12:04,45-49 ans,Oui,"Cyclisme (Zwift), Moto (Gran Turismo), Echec (Chess.com)",FALSE,FALSE,FALSE,FALSE,TRUE,FALSE,FALSE,FALSE,TRUE,TRUE,FALSE,FALSE,Autre,Positif,Neutre,Mauvais,"Non, mais je connais","Trackmania, Street Fighter, Fifa, Call of Duty",FALSE,FALSE,TRUE,FALSE,FALSE,FALSE,TRUE,TRUE,TRUE,FALSE,,Sport traditionnel,Non,Non,"Teddy Riner, Simone Biles, Serena Williams, Hassiba Boulmerka, Shelly-Ann Fraser-Pryce, Lee Sang-hyeok (Faker)",TRUE,TRUE,TRUE,TRUE,FALSE,FALSE,TRUE,FALSE,FALSE,TRUE,FALSE
OAAzRM,JO8rjd,2023-10-17 20:14:26,20-24 ans,Non,,,,,,,,,,,,,,,,,,"Oui, je regarde","League of Legends, Counter Strike, Call of Duty, Rocket League, Dota 2, Fortnite, Fifa, Trackmania, Street Fighter",TRUE,TRUE,TRUE,TRUE,TRUE,TRUE,TRUE,TRUE,TRUE,FALSE,Quand je tombe dessus,Sport traditionnel,Oui,Oui,"Teddy Riner, Lee Sang-hyeok (Faker), Serena Williams, Choi Woo-je (Zeus)",TRUE,TRUE,FALSE,TRUE,FALSE,TRUE,FALSE,FALSE,FALSE,FALSE,FALSE
zKKKbM,JO8j64,2023-10-17 20:25:56,20-24 ans,Non,,,,,,,,,,,,,,,,,,"Oui, je regarde","League of Legends, Fifa",TRUE,FALSE,FALSE,FALSE,FALSE,FALSE,TRUE,FALSE,FALSE,FALSE,Que les grands évènments,Sport traditionnel,Non,Peut être,"Teddy Riner, Lee Sang-hyeok (Faker), Serena Williams, Choi Woo-je (Zeus)",TRUE,TRUE,FALSE,TRUE,FALSE,TRUE,FALSE,FALSE,FALSE,FALSE,FALSE
7ddvoz,xJ9WXr,2023-10-17 21:45:56,Moins de 15 ans,Non,,,,,,,,,,,,,,,,,,"Oui, je regarde","Call of Duty, Rocket League, Counter Strike, League of Legends, Fortnite, Fifa, Trackmania, Street Fighter",TRUE,TRUE,TRUE,TRUE,FALSE,TRUE,TRUE,TRUE,TRUE,FALSE,1 à 2 fois par semaine,E-sport,Oui,Peut être,Aucun,FALSE,FALSE,FALSE,FALSE,FALSE,FALSE,FALSE,FALSE,FALSE,FALSE,TRUE
yllqVB,7N4AkA,2023-10-17 22:48:43,20-24 ans,Non,,,,,,,,,,,,,,,,,,"Non, mais je connais","League of Legends, Call of Duty, Rocket League, Fortnite, Fifa",TRUE,FALSE,TRUE,TRUE,FALSE,TRUE,TRUE,FALSE,FALSE,FALSE,,E-sport,Oui,Peut être,"Teddy Riner, Simone Biles",TRUE,FALSE,TRUE,FALSE,FALSE,FALSE,FALSE,FALSE,FALSE,FALSE,FALSE
dYYLDd,W8DA8R,2023-10-18 7:33:15,20-24 ans,Non,,,,,,,,,,,,,,,,,,"Non, mais je connais","League of Legends, Call of Duty, Rocket League, Fortnite, Fifa, Trackmania, Street Fighter",TRUE,FALSE,TRUE,TRUE,FALSE,TRUE,TRUE,TRUE,TRUE,FALSE,,Sport traditionnel,Oui,Peut être,"Teddy Riner, Nikola Kovač (NiKo)",TRUE,FALSE,FALSE,FALSE,FALSE,FALSE,FALSE,FALSE,TRUE,FALSE,FALSE
rllNb5,d9KYDo,2023-10-18 7:37:55,20-24 ans,Non,,,,,,,,,,,,,,,,,,"Non, mais je connais","League of Legends, Counter Strike, Call of Duty, Rocket League, Fortnite, Fifa, Trackmania, Street Fighter",TRUE,TRUE,TRUE,TRUE,FALSE,TRUE,TRUE,TRUE,TRUE,FALSE,,E-sport,Oui,Oui,Aucun,FALSE,FALSE,FALSE,FALSE,FALSE,FALSE,FALSE,FALSE,FALSE,FALSE,TRUE
g55yoJ,KVvMv7,2023-10-18 7:40:03,25-29 ans,Non,,,,,,,,,,,,,,,,,,"Oui, je regarde","League of Legends, Counter Strike, Call of Duty, Rocket League, Dota 2, Fortnite, Fifa, Trackmania, Street Fighter",TRUE,TRUE,TRUE,TRUE,TRUE,TRUE,TRUE,TRUE,TRUE,FALSE,Que les grands évènments,Sport traditionnel,Non,Oui,Aucun,FALSE,FALSE,FALSE,FALSE,FALSE,FALSE,FALSE,FALSE,FALSE,FALSE,TRUE
1rKXNQ,Exv09A,2023-10-18 8:34:45,20-24 ans,Non,,,,,,,,,,,,,,,,,,"Oui, je regarde","League of Legends, Counter Strike, Call of Duty, Rocket League, Dota 2, Fortnite, Fifa, Trackmania",TRUE,TRUE,TRUE,TRUE,TRUE,TRUE,TRUE,TRUE,FALSE,FALSE,1 à 2 fois par semaine,Sport traditionnel,Oui,Oui,"Teddy Riner, Lee Sang-hyeok (Faker), Serena Williams, Choi Woo-je (Zeus), Nikola Kovač (NiKo)",TRUE,TRUE,FALSE,TRUE,FALSE,TRUE,FALSE,FALSE,TRUE,FALSE,FALSE
VZlGqa,o2KOrN,2023-10-18 8:36:22,20-24 ans,Non,,,,,,,,,,,,,,,,,,"Oui, je regarde","League of Legends, Call of Duty, Fifa, Fortnite, Street Fighter",TRUE,FALSE,TRUE,FALSE,FALSE,TRUE,TRUE,FALSE,TRUE,FALSE,Jamais / regarde les shorts,Sport traditionnel,Non,Non,"Teddy Riner, Serena Williams",TRUE,FALSE,FALSE,TRUE,FALSE,FALSE,FALSE,FALSE,FALSE,FALSE,FALSE
Gr1RZL,xJ4Pe5,2023-10-18 9:41:38,20-24 ans,,,,,,,,,,,,,,,,,,,"Non, mais je connais","League of Legends, Call of Duty, Fortnite, Fifa, Street Fighter",TRUE,FALSE,TRUE,FALSE,FALSE,TRUE,TRUE,FALSE,TRUE,FALSE,,Sport traditionnel,Non,Non,"Simone Biles, Serena Williams, Choi Woo-je (Zeus), Lee Sang-hyeok (Faker), Teddy Riner",TRUE,TRUE,TRUE,TRUE,FALSE,TRUE,FALSE,FALSE,FALSE,FALSE,FALSE
5dkx2v,4KANkB,2023-10-18 9:47:54,20-24 ans,Non,,,,,,,,,,,,,,,,,,"Non, mais je connais","League of Legends, Counter Strike, Fortnite, Dota 2, Trackmania, Street Fighter, Fifa",TRUE,TRUE,FALSE,FALSE,TRUE,TRUE,TRUE,TRUE,TRUE,FALSE,,Sport traditionnel,Oui,Peut être,"Teddy Riner, Serena Williams",TRUE,FALSE,FALSE,TRUE,FALSE,FALSE,FALSE,FALSE,FALSE,FALSE,FALSE
g5A5PJ,VzvoOM,2023-10-18 10:41:40,20-24 ans,Non,,,,,,,,,,,,,,,,,,"Non, mais je connais","League of Legends, Counter Strike, Call of Duty, Rocket League, Fortnite, Fifa, Trackmania, Street Fighter",TRUE,TRUE,TRUE,TRUE,FALSE,TRUE,TRUE,TRUE,TRUE,FALSE,,Sport traditionnel,Oui,Peut être,Serena Williams,FALSE,FALSE,FALSE,TRUE,FALSE,FALSE,FALSE,FALSE,FALSE,FALSE,FALSE
lNALLB,GRXq4o,2023-10-18 11:25:23,25-29 ans,Non,,,,,,,,,,,,,,,,,,"Oui, je regarde","Call of Duty, Rocket League, League of Legends, Fortnite, Trackmania, Fifa, Street Fighter",TRUE,FALSE,TRUE,TRUE,FALSE,TRUE,TRUE,TRUE,TRUE,FALSE,Que les grands évènments,Sport traditionnel,Oui,Oui,"Teddy Riner, Serena Williams, Nikola Kovač (NiKo)",TRUE,FALSE,FALSE,TRUE,FALSE,FALSE,FALSE,FALSE,TRUE,FALSE,FALSE
6dkR1e,bWKYMe,2023-10-18 11:26:43,15-19 ans,Non,,,,,,,,,,,,,,,,,,"Non, mais je connais",Fortnite,FALSE,FALSE,FALSE,FALSE,FALSE,TRUE,FALSE,FALSE,FALSE,FALSE,,Sport traditionnel,Oui,Peut être,Aucun,FALSE,FALSE,FALSE,FALSE,FALSE,FALSE,FALSE,FALSE,FALSE,FALSE,TRUE
ZdVleA,g9YJoK,2023-10-18 11:29:20,15-19 ans,Non,,,,,,,,,,,,,,,,,,"Oui, je regarde","League of Legends, Counter Strike, Call of Duty, Rocket League, Fifa, Fortnite, Street Fighter",TRUE,TRUE,TRUE,TRUE,FALSE,TRUE,TRUE,FALSE,TRUE,FALSE,Jamais / regarde les shorts,E-sport,Oui,Peut être,"Teddy Riner, Simone Biles, Serena Williams",TRUE,FALSE,TRUE,TRUE,FALSE,FALSE,FALSE,FALSE,FALSE,FALSE,FALSE
blkLD7,2K1lpg,2023-10-18 11:30:14,15-19 ans,Non,,,,,,,,,,,,,,,,,,"Non, mais je connais","Call of Duty, Fortnite, Fifa",FALSE,FALSE,TRUE,FALSE,FALSE,TRUE,TRUE,FALSE,FALSE,FALSE,,Sport traditionnel,Non,Peut être,Serena Williams,FALSE,FALSE,FALSE,TRUE,FALSE,FALSE,FALSE,FALSE,FALSE,FALSE,FALSE
zKzZvk,bWKYa0,2023-10-18 11:30:53,20-24 ans,Non,,,,,,,,,,,,,,,,,,"Oui, je regarde","League of Legends, Street Fighter, Call of Duty, Rocket League, Fifa",TRUE,FALSE,TRUE,TRUE,FALSE,FALSE,TRUE,FALSE,TRUE,FALSE,Que les grands évènments,E-sport,Oui,Oui,Aucun,FALSE,FALSE,FALSE,FALSE,FALSE,FALSE,FALSE,FALSE,FALSE,FALSE,TRUE
XeGEAY,RD8zdd,2023-10-18 11:32:38,20-24 ans,Non,,,,,,,,,,,,,,,,,,"Oui, je regarde","League of Legends, Call of Duty, Fifa, Fortnite",TRUE,FALSE,TRUE,FALSE,FALSE,TRUE,TRUE,FALSE,FALSE,FALSE,Jamais / regarde les shorts,E-sport,Oui,Oui,"Teddy Riner, Simone Biles, Serena Williams, Seth Abner (scumperjumper), Choi Woo-je (Zeus), Kyle Storer (Torment)",TRUE,FALSE,TRUE,TRUE,TRUE,TRUE,FALSE,TRUE,FALSE,FALSE,FALSE
rlKV4l,KVvaYX,2023-10-18 11:34:06,20-24 ans,Non,,,,,,,,,,,,,,,,,,"Non, mais je connais","Call of Duty, Street Fighter, Fifa, Fortnite, League of Legends",TRUE,FALSE,TRUE,FALSE,FALSE,TRUE,TRUE,FALSE,TRUE,FALSE,,Sport traditionnel,Non,Peut être,Aucun,FALSE,FALSE,FALSE,FALSE,FALSE,FALSE,FALSE,FALSE,FALSE,FALSE,TRUE
J2RDV4,Vzv4vN,2023-10-18 11:44:08,15-19 ans,Non,,,,,,,,,,,,,,,,,,"Non, mais je connais","Fortnite, Rocket League",FALSE,FALSE,FALSE,TRUE,FALSE,TRUE,FALSE,FALSE,FALSE,FALSE,,Sport traditionnel,Non,Peut être,"Teddy Riner, Serena Williams",TRUE,FALSE,FALSE,TRUE,FALSE,FALSE,FALSE,FALSE,FALSE,FALSE,FALSE
PAEXQ0,5Z8Mld,2023-10-18 12:05:04,20-24 ans,,,,,,,,,,,,,,,,,,,"Oui, je regarde",Aucun,FALSE,FALSE,FALSE,FALSE,FALSE,FALSE,FALSE,FALSE,FALSE,TRUE,1 à 2 fois par semaine,Sport traditionnel,Non,Peut être,Aucun,FALSE,FALSE,FALSE,FALSE,FALSE,FALSE,FALSE,FALSE,FALSE,FALSE,TRUE
MAO8g0,N7MOMO,2023-10-18 12:47:14,20-24 ans,Non,,,,,,,,,,,,,,,,,,"Oui, je regarde","Fifa, League of Legends, Call of Duty, Rocket League, Fortnite",TRUE,FALSE,TRUE,TRUE,FALSE,TRUE,TRUE,FALSE,FALSE,FALSE,Jamais / regarde les shorts,E-sport,Non,Peut être,"Teddy Riner, Simone Biles, Serena Williams, Nikola Kovač (NiKo), Hassiba Boulmerka",TRUE,FALSE,TRUE,TRUE,FALSE,FALSE,FALSE,FALSE,TRUE,TRUE,FALSE
qbBkbY,d9KpAo,2023-10-18 13:23:25,20-24 ans,Non,,,,,,,,,,,,,,,,,,"Oui, je regarde","League of Legends, Call of Duty, Rocket League, Counter Strike, Fortnite, Fifa, Street Fighter",TRUE,TRUE,TRUE,TRUE,FALSE,TRUE,TRUE,FALSE,TRUE,FALSE,Jamais / regarde les shorts,Sport traditionnel,Non,Non,"Teddy Riner, Serena Williams",TRUE,FALSE,FALSE,TRUE,FALSE,FALSE,FALSE,FALSE,FALSE,FALSE,FALSE
oABxeV,g9Y1MK,2023-10-18 14:03:18,20-24 ans,Non,,,,,,,,,,,,,,,,,,"Oui, je regarde","League of Legends, Counter Strike, Call of Duty, Rocket League, Dota 2, Fortnite, Fifa, Trackmania, Street Fighter",TRUE,TRUE,TRUE,TRUE,TRUE,TRUE,TRUE,TRUE,TRUE,FALSE,Que les grands évènments,Sport traditionnel,Oui,Oui,"Teddy Riner, Lee Sang-hyeok (Faker), Simone Biles, Serena Williams, Seth Abner (scumperjumper), Choi Woo-je (Zeus), Nikola Kovač (NiKo)",TRUE,TRUE,TRUE,TRUE,TRUE,TRUE,FALSE,FALSE,TRUE,FALSE,FALSE
eBA88x,kNKj2Z,2023-10-18 15:24:58,20-24 ans,Non,,,,,,,,,,,,,,,,,,"Non, mais je connais","League of Legends, Counter Strike, Call of Duty, Rocket League, Dota 2, Fortnite, Fifa, Trackmania, Street Fighter",TRUE,TRUE,TRUE,TRUE,TRUE,TRUE,TRUE,TRUE,TRUE,FALSE,,E-sport,Oui,Oui,"Teddy Riner, Serena Williams",TRUE,FALSE,FALSE,TRUE,FALSE,FALSE,FALSE,FALSE,FALSE,FALSE,FALSE
xdQ7DE,LPv4p1,2023-10-18 15:30:54,25-29 ans,Oui,Aucun,FALSE,FALSE,FALSE,FALSE,FALSE,FALSE,FALSE,FALSE,FALSE,FALSE,FALSE,TRUE,Autre,,,,"Oui, je regarde","League of Legends, Counter Strike, Call of Duty, Rocket League, Dota 2, Fortnite, Fifa, Trackmania, Street Fighter",TRUE,TRUE,TRUE,TRUE,TRUE,TRUE,TRUE,TRUE,TRUE,FALSE,Que les grands évènments,E-sport,Oui,Oui,"Teddy Riner, Lee Sang-hyeok (Faker), Serena Williams",TRUE,TRUE,FALSE,TRUE,FALSE,FALSE,FALSE,FALSE,FALSE,FALSE,FALSE
ZdVAga,GRXO5e,2023-10-18 15:37:22,20-24 ans,Non,,FALSE,FALSE,FALSE,FALSE,FALSE,FALSE,FALSE,FALSE,FALSE,FALSE,FALSE,FALSE,,,,,"Oui, je regarde","Rocket League, Fortnite, Fifa, Street Fighter, Call of Duty, Counter Strike, League of Legends",TRUE,TRUE,TRUE,TRUE,FALSE,TRUE,TRUE,FALSE,TRUE,FALSE,Que les grands évènments,E-sport,Oui,Oui,Aucun,FALSE,FALSE,FALSE,FALSE,FALSE,FALSE,FALSE,FALSE,FALSE,FALSE,TRUE
7dD0v2,PzvJdx,2023-10-18 15:47:41,25-29 ans,Non,,,,,,,,,,,,,,,,,,"Non, mais je connais","League of Legends, Counter Strike, Call of Duty, Rocket League, Fortnite, Fifa, Trackmania, Street Fighter",TRUE,TRUE,TRUE,TRUE,FALSE,TRUE,TRUE,TRUE,TRUE,FALSE,,Sport traditionnel,Non,Non,"Teddy Riner, Simone Biles, Serena Williams",TRUE,FALSE,TRUE,TRUE,FALSE,FALSE,FALSE,FALSE,FALSE,FALSE,FALSE
XeGARP,o2KLDO,2023-10-18 15:48:46,15-19 ans,Non,,,,,,,,,,,,,,,,,,"Non, mais je connais","League of Legends, Counter Strike, Call of Duty, Rocket League, Fortnite, Fifa, Street Fighter",TRUE,TRUE,TRUE,TRUE,FALSE,TRUE,TRUE,FALSE,TRUE,FALSE,,Sport traditionnel,Oui,Peut être,"Teddy Riner, Serena Williams",TRUE,FALSE,FALSE,TRUE,FALSE,FALSE,FALSE,FALSE,FALSE,FALSE,FALSE
Gr1Olp,Exv7Yl,2023-10-18 15:58:12,25-29 ans,Oui,"Danse (Just Dance), Tir (Fortnite), Voile (Virtual Regatta), Moto (Gran Turismo), Echec (Chess.com)",TRUE,FALSE,TRUE,FALSE,FALSE,TRUE,FALSE,FALSE,TRUE,TRUE,FALSE,FALSE,Autre,Neutre,Neutre,Neutre,"Oui, je regarde","League of Legends, Trackmania",TRUE,FALSE,FALSE,FALSE,FALSE,FALSE,FALSE,TRUE,FALSE,FALSE,Jamais / regarde les shorts,E-sport,Oui,Oui,"Teddy Riner, Serena Williams, Lee Sang-hyeok (Faker)",TRUE,TRUE,FALSE,TRUE,FALSE,FALSE,FALSE,FALSE,FALSE,FALSE,FALSE
dYAJ1K,6ZABJO,2023-10-18 16:04:35,20-24 ans,Non,,,,,,,,,,,,,,,,,,"Oui, je regarde","League of Legends, Counter Strike, Call of Duty, Fortnite, Dota 2, Fifa, Trackmania, Street Fighter",TRUE,TRUE,TRUE,FALSE,TRUE,TRUE,TRUE,TRUE,TRUE,FALSE,1 à 2 fois par semaine,E-sport,Non,Non,"Teddy Riner, Lee Sang-hyeok (Faker), Serena Williams, Choi Woo-je (Zeus)",TRUE,TRUE,FALSE,TRUE,FALSE,TRUE,FALSE,FALSE,FALSE,FALSE,FALSE
5dkPeP,ExvOgL,2023-10-18 16:16:37,25-29 ans,Non,,,,,,,,,,,,,,,,,,"Oui, je regarde","League of Legends, Counter Strike, Call of Duty, Rocket League, Dota 2, Fortnite, Fifa, Trackmania, Street Fighter",TRUE,TRUE,TRUE,TRUE,TRUE,TRUE,TRUE,TRUE,TRUE,FALSE,Jamais / regarde les shorts,Sport traditionnel,Non,Non,"Teddy Riner, Serena Williams",TRUE,FALSE,FALSE,TRUE,FALSE,FALSE,FALSE,FALSE,FALSE,FALSE,FALSE
ylyaVx,5Z875M,2023-10-18 16:37:44,20-24 ans,Non,,,,,,,,,,,,,,,,,,"Non, mais je connais","League of Legends, Counter Strike, Call of Duty, Rocket League, Fortnite, Fifa, Street Fighter",TRUE,TRUE,TRUE,TRUE,FALSE,TRUE,TRUE,FALSE,TRUE,FALSE,,Sport traditionnel,Non,Non,"Teddy Riner, Simone Biles, Serena Williams, Shelly-Ann Fraser-Pryce",TRUE,FALSE,TRUE,TRUE,FALSE,FALSE,TRUE,FALSE,FALSE,FALSE,FALSE
aBxRYq,19DLNg,2023-10-18 16:55:40,30-34 ans,Non,,,,,,,,,,,,,,,,,,"Non, mais je connais","League of Legends, Counter Strike, Call of Duty, Rocket League, Dota 2, Fortnite, Street Fighter, Trackmania, Fifa",TRUE,TRUE,TRUE,TRUE,TRUE,TRUE,TRUE,TRUE,TRUE,FALSE,,Sport traditionnel,Oui,Oui,"Teddy Riner, Serena Williams",TRUE,FALSE,FALSE,TRUE,FALSE,FALSE,FALSE,FALSE,FALSE,FALSE,FALSE
Gr1Wde,jl5KKE,2023-10-18 17:23:53,25-29 ans,Non,,,,,,,,,,,,,,,,,,"Oui, je regarde","League of Legends, Counter Strike, Call of Duty, Rocket League, Fortnite, Fifa, Street Fighter",TRUE,TRUE,TRUE,TRUE,FALSE,TRUE,TRUE,FALSE,TRUE,FALSE,Jamais / regarde les shorts,Sport traditionnel,Oui,Peut être,"Teddy Riner, Serena Williams",TRUE,FALSE,FALSE,TRUE,FALSE,FALSE,FALSE,FALSE,FALSE,FALSE,FALSE
24kM8D,Z2vqaA,2023-10-18 17:51:33,25-29 ans,Non,,,,,,,,,,,,,,,,,,"Non, mais je connais","Street Fighter, Trackmania, Fifa, Fortnite, Dota 2, Rocket League, Call of Duty, Counter Strike, League of Legends",TRUE,TRUE,TRUE,TRUE,TRUE,TRUE,TRUE,TRUE,TRUE,FALSE,,E-sport,Oui,Non,Teddy Riner,TRUE,FALSE,FALSE,FALSE,FALSE,FALSE,FALSE,FALSE,FALSE,FALSE,FALSE
lNAPrW,a2K70Z,2023-10-18 17:54:34,Moins de 15 ans,Non,,,,,,,,,,,,,,,,,,"Oui, je regarde","League of Legends, Counter Strike, Call of Duty, Fortnite, Trackmania, Fifa, Street Fighter, Rocket League",TRUE,TRUE,TRUE,TRUE,FALSE,TRUE,TRUE,TRUE,TRUE,FALSE,Que les grands évènments,E-sport,Non,Oui,Aucun,FALSE,FALSE,FALSE,FALSE,FALSE,FALSE,FALSE,FALSE,FALSE,FALSE,TRUE
lNAPKX,roGzvl,2023-10-18 17:58:43,20-24 ans,Non,,,,,,,,,,,,,,,,,,"Oui, je regarde","Rocket League, Fortnite, Aucun",FALSE,FALSE,FALSE,TRUE,FALSE,TRUE,FALSE,FALSE,FALSE,TRUE,1 à 2 fois par semaine,E-sport,Oui,Non,"Teddy Riner, Serena Williams",TRUE,FALSE,FALSE,TRUE,FALSE,FALSE,FALSE,FALSE,FALSE,FALSE,FALSE
Rz4XKQ,Z2vq0e,2023-10-18 18:07:16,15-19 ans,Non,,,,,,,,,,,,,,,,,,"Non, mais je connais","League of Legends, Counter Strike, Call of Duty, Rocket League, Dota 2, Fortnite, Fifa, Trackmania, Street Fighter",TRUE,TRUE,TRUE,TRUE,TRUE,TRUE,TRUE,TRUE,TRUE,FALSE,,E-sport,Non,Non,"Teddy Riner, Lee Sang-hyeok (Faker)",TRUE,TRUE,FALSE,FALSE,FALSE,FALSE,FALSE,FALSE,FALSE,FALSE,FALSE
7dZX42,o256lV,2023-10-18 19:00:40,25-29 ans,Non,,,,,,,,,,,,,,,,,,"Non, mais je connais",Aucun,FALSE,FALSE,FALSE,FALSE,FALSE,FALSE,FALSE,FALSE,FALSE,TRUE,,Sport traditionnel,Non,Peut être,"Serena Williams, Nikola Kovač (NiKo), Teddy Riner, Hassiba Boulmerka",TRUE,FALSE,FALSE,TRUE,FALSE,FALSE,FALSE,FALSE,TRUE,TRUE,FALSE
vN2M7d,19NAOM,2023-10-18 19:23:29,20-24 ans,Non,,,,,,,,,,,,,,,,,,"Oui, je regarde","League of Legends, Call of Duty, Rocket League, Fortnite, Fifa, Street Fighter, Trackmania",TRUE,FALSE,TRUE,TRUE,FALSE,TRUE,TRUE,TRUE,TRUE,FALSE,1 à 2 fois par semaine,E-sport,Oui,Oui,"Teddy Riner, Choi Woo-je (Zeus), Lee Sang-hyeok (Faker)",TRUE,TRUE,FALSE,FALSE,FALSE,TRUE,FALSE,FALSE,FALSE,FALSE,FALSE
kYZyWd,roJOKL,2023-10-18 21:16:58,20-24 ans,Non,,,,,,,,,,,,,,,,,,"Non, mais je connais","League of Legends, Call of Duty, Rocket League, Fortnite, Fifa, Street Fighter",TRUE,FALSE,TRUE,TRUE,FALSE,TRUE,TRUE,FALSE,TRUE,FALSE,,Sport traditionnel,Oui,Oui,"Teddy Riner, Serena Williams, Nikola Kovač (NiKo)",TRUE,FALSE,FALSE,TRUE,FALSE,FALSE,FALSE,FALSE,TRUE,FALSE,FALSE
aBG619,7NaKEZ,2023-10-18 21:24:50,35-39 ans,Non,,,,,,,,,,,,,,,,,,Non,"Fortnite, Fifa",FALSE,FALSE,FALSE,FALSE,FALSE,TRUE,TRUE,FALSE,FALSE,FALSE,,Sport traditionnel,Non,Non,"Teddy Riner, Serena Williams",TRUE,FALSE,FALSE,TRUE,FALSE,FALSE,FALSE,FALSE,FALSE,FALSE,FALSE
ZdJVqy,5ZexjN,2023-10-18 22:13:42,30-34 ans,Non,,,,,,,,,,,,,,,,,,"Non, mais je connais","Call of Duty, Street Fighter, Fortnite, Fifa",FALSE,FALSE,TRUE,FALSE,FALSE,TRUE,TRUE,FALSE,TRUE,FALSE,,Sport traditionnel,Non,Non,"Teddy Riner, Simone Biles, Serena Williams",TRUE,FALSE,TRUE,TRUE,FALSE,FALSE,FALSE,FALSE,FALSE,FALSE,FALSE
oAOoNX,RDb5B9,2023-10-18 22:57:46,25-29 ans,Non,,,,,,,,,,,,,,,,,,"Oui, je regarde","League of Legends, Counter Strike, Call of Duty, Rocket League, Dota 2, Fortnite, Fifa, Trackmania, Street Fighter",TRUE,TRUE,TRUE,TRUE,TRUE,TRUE,TRUE,TRUE,TRUE,FALSE,Que les grands évènments,E-sport,Non,Non,"Teddy Riner, Lee Sang-hyeok (Faker), Simone Biles, Serena Williams, Choi Woo-je (Zeus)",TRUE,TRUE,TRUE,TRUE,FALSE,TRUE,FALSE,FALSE,FALSE,FALSE,FALSE
zKe9vg,RDbrBJ,2023-10-19 7:07:34,25-29 ans,Non,,,,,,,,,,,,,,,,,,"Non, mais je connais","Counter Strike, League of Legends, Call of Duty, Rocket League, Dota 2, Fortnite, Fifa, Trackmania, Street Fighter",TRUE,TRUE,TRUE,TRUE,TRUE,TRUE,TRUE,TRUE,TRUE,FALSE,,Sport traditionnel,Non,Non,"Teddy Riner, Lee Sang-hyeok (Faker), Serena Williams",TRUE,TRUE,FALSE,TRUE,FALSE,FALSE,FALSE,FALSE,FALSE,FALSE,FALSE
1rEZRp,AB4Gqk,2023-10-19 8:46:48,20-24 ans,Non,,,,,,,,,,,,,,,,,,"Non, mais je connais","League of Legends, Counter Strike, Call of Duty, Rocket League, Fortnite, Fifa, Street Fighter",TRUE,TRUE,TRUE,TRUE,FALSE,TRUE,TRUE,FALSE,TRUE,FALSE,,Sport traditionnel,Oui,Non,"Teddy Riner, Lee Sang-hyeok (Faker), Serena Williams",TRUE,TRUE,FALSE,TRUE,FALSE,FALSE,FALSE,FALSE,FALSE,FALSE,FALSE
jBLeQQ,6ZWGZe,2023-10-19 9:27:59,30-34 ans,Non,,,,,,,,,,,,,,,,,,"Non, mais je connais","Counter Strike, Call of Duty, Fifa, Fortnite",FALSE,TRUE,TRUE,FALSE,FALSE,TRUE,TRUE,FALSE,FALSE,FALSE,,Sport traditionnel,Non,Non,"Teddy Riner, Serena Williams",TRUE,FALSE,FALSE,TRUE,FALSE,FALSE,FALSE,FALSE,FALSE,FALSE,FALSE